id;name;start_date;end_date
1;Quality;2021-02-03T10:58:07;2021-02-03T00:56:22
2;Ohio Checking Account scalable;2021-02-03T08:24:32;2021-02-03T08:03:17
3;paradigm Granite;2021-02-02T18:28:08;2021-02-02T23:23:31
4;silver Solomon Islands Dollar virtual;2021-02-03T07:17:40;2021-02-03T01:51:55
5;Springs program;2021-02-02T17:03:17;2021-02-03T00:35:03
6;open-source Avon Walks;2021-02-03T00:26:41;2021-02-03T08:54:41
7;scale;2021-02-02T23:45:15;2021-02-03T00:42:25
8;Jersey Analyst;2021-02-03T05:58:35;2021-02-02T19:59:29
9;Cambridgeshire;2021-02-02T22:14:54;2021-02-03T09:06:11
10;Auto Loan Account Chilean Peso Unidades de fomento payment;2021-02-02T15:38:01;2021-02-02T22:52:25
